-- phpMyAdmin SQL Dump
-- version 5.0.2
-- https://www.phpmyadmin.net/
--
-- Host: 127.0.0.1
-- Generation Time: Jul 12, 2020 at 10:11 AM
-- Server version: 10.4.11-MariaDB
-- PHP Version: 7.4.4

SET SQL_MODE = "NO_AUTO_VALUE_ON_ZERO";
START TRANSACTION;
SET time_zone = "+00:00";


/*!40101 SET @OLD_CHARACTER_SET_CLIENT=@@CHARACTER_SET_CLIENT */;
/*!40101 SET @OLD_CHARACTER_SET_RESULTS=@@CHARACTER_SET_RESULTS */;
/*!40101 SET @OLD_COLLATION_CONNECTION=@@COLLATION_CONNECTION */;
/*!40101 SET NAMES utf8mb4 */;

--
-- Database: `qlsach`
--

-- --------------------------------------------------------

--
-- Table structure for table `ctpm`
--

CREATE TABLE `ctpm` (
  `MaPM` varchar(10) COLLATE utf8mb4_vietnamese_ci NOT NULL,
  `MaSach` varchar(10) COLLATE utf8mb4_vietnamese_ci NOT NULL,
  `NgayTra` date DEFAULT NULL,
  `TinhTrangSach` int(11) NOT NULL,
  `TinhTrangTra` int(11) DEFAULT NULL,
  `User` varchar(10) COLLATE utf8mb4_vietnamese_ci DEFAULT NULL,
  `GhiChu` varchar(50) COLLATE utf8mb4_vietnamese_ci DEFAULT NULL,
  `TienPhat` double DEFAULT NULL
) ENGINE=InnoDB DEFAULT CHARSET=utf8mb4 COLLATE=utf8mb4_vietnamese_ci;

-- --------------------------------------------------------

--
-- Table structure for table `docgia`
--

CREATE TABLE `docgia` (
  `MaDG` varchar(10) COLLATE utf8mb4_vietnamese_ci NOT NULL,
  `TenDG` varchar(20) COLLATE utf8mb4_vietnamese_ci NOT NULL,
  `SDT` varchar(20) COLLATE utf8mb4_vietnamese_ci NOT NULL,
  `DiaChi` varchar(50) COLLATE utf8mb4_vietnamese_ci NOT NULL,
  `GioiTinh` varchar(10) COLLATE utf8mb4_vietnamese_ci NOT NULL,
  `MatSach` int(11) NOT NULL
) ENGINE=InnoDB DEFAULT CHARSET=utf8mb4 COLLATE=utf8mb4_vietnamese_ci;

--
-- Dumping data for table `docgia`
--

INSERT INTO `docgia` (`MaDG`, `TenDG`, `SDT`, `DiaChi`, `GioiTinh`, `MatSach`) VALUES
('DG01', 'Đỗ Nhật Quang', '0342565857', 'Quận Thủ Đức', 'Nam', 0),
('DG02', 'Trần Quốc Phong', '0981249458', 'Quận Gò Vấp', 'Nam', 1),
('DG03', 'Lê Thị Thanh Tiến', '0983216950', 'Quận 2', 'Nữ', 1),
('DG04', 'Nguyễn Thái Hòa', '0356721980', 'Quận 9', 'Nam', 3),
('DG05', 'Phan Thanh Phú Thọ', '0914469424', 'Quận Gò Vấp', 'Nam', 2),
('DG06', 'Hồ Phương Ly', '0522004039', 'Quận Thủ Đức', 'Nữ', 0),
('DG07', 'Phan Ngọc Phương Nhi', '0682144611', 'Quận 5', 'Nữ', 0),
('DG08', 'Lê Thị Mỹ Diệu', '0347526510', 'Quận 1', 'Nữ', 0),
('DG09', 'Nguyễn Thị Mỹ Dung', '0714521035', 'Quận 10', 'Nữ', 0),
('DG10', 'Lữ Thị Ngọc Hiền', '0996215423', 'Quận 2', 'Nữ', 0),
('DG11', 'Nguyễn Phương Lan', '0888621540', 'Quận 1', 'Nữ', 0),
('DG12', 'Đỗ Thị Như Quỳnh', '0732561485', 'Huyện Cần Giờ', 'Nữ', 0),
('DG13', 'Nguyễn Thị Hà Thuyên', '0962532564', 'Quận 8', 'Nữ', 0),
('DG14', 'Lê Ngọc Tiến', '0632547125', 'Quận 1', 'Nam', 0),
('DG15', 'Nguyễn Lê Mỹ Hòa', '0856212356', 'Quận 10', 'Nữ', 0),
('DG16', 'Phan Phúc Khánh', '0571222356', 'Quận 5', 'Nam', 0),
('DG17', 'Trần Thanh Lâm', '0975263510', 'Quận 2', 'Nam', 0),
('DG18', 'Đỗ Nguyễn Vân Anh', '0974142514', 'Quận 1', 'Nữ', 0),
('DG19', 'Nguyễn Quốc Huy', '0814252012', 'Quận 9', 'Nam', 0),
('DG20', 'Nguyễn Thanh Hiển', '0345112456', 'Quận 9', 'Nam', 0);



-- --------------------------------------------------------

--
-- Table structure for table `phieumuon`
--

CREATE TABLE `phieumuon` (
  `MaPM` varchar(10) COLLATE utf8mb4_vietnamese_ci NOT NULL,
  `MaDG` varchar(10) COLLATE utf8mb4_vietnamese_ci NOT NULL,
  `NgayMuon` date NOT NULL,
  `NgayHenTra` date NOT NULL,
  `SoLuongMuon` int(11) NOT NULL,
  `User` varchar(10) COLLATE utf8mb4_vietnamese_ci NOT NULL
) ENGINE=InnoDB DEFAULT CHARSET=utf8mb4 COLLATE=utf8mb4_vietnamese_ci;

--
-- Dumping data for table `phieumuon`
--

INSERT INTO `phieumuon` (`MaPM`, `MaDG`, `NgayMuon`, `NgayHenTra`, `SoLuongMuon`, `User`) VALUES
('PM01', 'DG01', '2020-05-03', '2020-06-03', 2, 'thuthu1'),
('PM02', 'DG02', '2020-05-06', '2020-06-06', 3, 'thuthu1'),
('PM03', 'DG03', '2020-05-15', '2020-06-15', 2, 'huuduy'),
('PM04', 'DG10', '2020-06-03', '2020-07-03', 3, 'huuduy'),
('PM05', 'DG20', '2020-06-04', '2020-07-04', 2, 'huuduy'),
('PM06', 'DG04', '2020-06-07', '2020-07-07', 2, 'huuduy'),
('PM07', 'DG07', '2020-06-07', '2020-07-07', 1, 'thuthu1'),
('PM08', 'DG05', '2020-06-07', '2020-07-07', 2, 'thuthu1'),
('PM09', 'DG13', '2020-06-08', '2020-07-08', 2, 'thuthu1'),
('PM10', 'DG15', '2020-06-10', '2020-07-10', 2, 'thuthu2'),
('PM11', 'DG12', '2020-06-12', '2020-07-12', 3, 'thuthu2'),
('PM12', 'DG02', '2020-06-13', '2020-07-12', 2, 'thuthu2'),
('PM13', 'DG06', '2020-06-13', '2020-07-13', 2, 'truongvu'),
('PM14', 'DG09', '2020-06-15', '2020-07-15', 2, 'truongvu'),
('PM15', 'DG18', '2020-06-15', '2020-07-15', 3, 'truongvu');


-- --------------------------------------------------------

--
-- Table structure for table `sach`
--

CREATE TABLE `sach` (
  `MaSach` varchar(10) COLLATE utf8mb4_vietnamese_ci NOT NULL,
  `TenSach` varchar(500) COLLATE utf8mb4_vietnamese_ci NOT NULL,
  `TenTG` varchar(500) COLLATE utf8mb4_vietnamese_ci NOT NULL,
  `NhaXB` varchar(500) COLLATE utf8mb4_vietnamese_ci NOT NULL,
  `TheLoai` varchar(500) COLLATE utf8mb4_vietnamese_ci NOT NULL,
  `SoLuong` int(11) NOT NULL,
  `GiaTien` double NOT NULL,
  `ImageUrl` varchar(500) COLLATE utf8mb4_vietnamese_ci DEFAULT NULL,
  `MieuTa` varchar(2500) COLLATE utf8mb4_vietnamese_ci DEFAULT NULL
) ENGINE=InnoDB DEFAULT CHARSET=utf8mb4 COLLATE=utf8mb4_vietnamese_ci;

--
-- Dumping data for table `sach`
--

INSERT INTO `sach` (`MaSach`, `TenSach`, `TenTG`, `NhaXB`, `TheLoai`, `SoLuong`, `GiaTien`, `ImageUrl`, `MieuTa`) VALUES
('MS01', 'GIÁO TRÌNH NHỮNG NGUYÊN LÝ MÁC - LÊNIN', 'Bộ Giáo Dục và Đào Tạo', 'Chính Trị Quốc Gia Sự Thật', 'Giáo trình', 10, 59000, '/img/sach/mac.jpg', 'Thực hiện các Nghị quyết của Đảng Cộng sản Việt Nam, nhất là Nghị quyết Trung ương 5 (khóa X) về công tác tư tưởng, lý luận và báo chí trước yêu cầu mới, ngày 18/9/2008, Bộ Giáo dục và Đào tạo đã ban hành Quyết định số 52/2008/QĐ-BGĐT ban hành Chương trình môn học Những Nguyên Lý Cơ Bản Của Chủ Nghĩa Mác - Lênin dành cho sinh viên khối không chuyên ngành Mác - Lênin, tư tưởng Hồ Chí Minh và phối hợp với Nhà xuất bản Chính trị quốc gia Sự thật xuất bản Giáo Trình Những Nguyên Lý Cơ Bản Của Chủ Nghĩa Mác - Lênin (Dành cho sinh viên đại học, cao đăng khối không chuyên ngành Mác - Lênin, tư tưởng Hồ Chí Minh)  Cuốn giáo trình chính trị này bao gồm 3 phần: • Phần 1: Thế giới quan, phương pháp luận triết học của chủ nghĩa Mác - Lênin • Phần 2: Học thuyết kinh tế của chủ nghĩa Mác - Lênin về phương thức sản xuất tư bản chủ nghĩa • Phần 3: Lý luận của chủ nghĩa Mác - Lênin về chủ nghĩa xã hội'),
('MS02', 'ĐẠI SỐ TUYỂN TÍNH', 'Ninh Quang Hải', 'NXB Xây Dựng', 'Giáo trình', 10, 52000, '/img/sach/aHR0cHM6Ly9zYWx0LnRpa2ljZG4uY29tL3RzL3Byb2R1Y3QvNTMvMGIvMGUvMjIyYzU0NTU0ODk3ZmE0NzFmOGExNzhlODU4NjJmNmIuanBn.jpg', 'Sách ĐẠI SỐ TUYẾN TÍNH gồm các chương sau:  Chương 1: MA TRẬN - ĐỊNH THỨC - HỆ PHƯƠNG TRÌNH TUYẾN TÍNH.    Chương 2: KHÔNG GIAN VÉC TƠ Chương 3: ÁNH XẠ TUYẾN TÍNH '),
('MS03', 'LUẬT IM LẶNG', 'Mario Puzo', 'NXB Văn Học', 'Văn học nước ngoài', 10, 710000, '/img/sach/luat-im-lang-bia-1.jpg', '“Tổ chức Mafia củng cố uy quyền bằng luật omerta nghĩa là làm thinh, câm nín. Dân quê Sicily kín miệng đến nỗi người lạ hỏi đường cũng làm thinh. Trong nội bộ Mafia có tội nào đáng chết bằng tội mật báo cảnh sát? Dù chỉ đi thưa lính, tố cáo một thằng vừa giết hụt mình hay vừa đánh đập mình có thương tích. Sau cùng luật omerta trở thành một đạo sống của mọi giới. Chồng con bị giết, con gái bị hãm hiếp, người đàn bà chính gốc Sicily chẳng bao giờ đi thưa lính, nhờ nhà nước giải quyết. Vì nhà nước không có quyền đó. Phải là Mafia!”  Cái luật im lặng cổ xưa ấy chính là bức tường thành của Mafia suốt mấy trăm năm. Nhưng đó là ở nơi đất máu Sicily nhiều năm trước. Trên đất Mỹ, khi nhân loại sắp bước sang thiên niên kỉ mới, liệu omerta có còn cái quyền năng vô song để bảo vệ các ông trùm?  Nếu như  Bố Già  nói về Mafia có vẻ hơi cổ điển thì Luật Im Lặng hiện đại hơn, có sự xuất hiện của cả FBI và chính phủ một cách rõ ràng.  Những âm mưu, thủ đoạn, những cuộc đấu trí đấu lực của các phe phái và tổ chức được đề cập đến cho độc giả thỏa mãn trí tưởng tượng, cùng phiêu lưu với nhân vật.  Bạn đọc có thể đọc thêm các tác phẩm khác trong  tuyển tập Mario Puzo  để cùng sống với nhân vật đến giay phút cuối cùng nhé.'),
('MS04', 'TUỔI TRẺ HOANG DẠI', 'Nguyễn Ngọc Thạch', 'NXB Văn học', 'Kỹ năng sống', 10, 95000, '/img/sach/b1cb8713c960e18c41bef97120faf749.jpg', 'Một cuốn sách đơn giản của Nguyễn Ngọc Thạch, đặt sự hữu dụng tính tích cực lên hàng đầu. Sách bao gồm nhiều bài viết ngắn, nói lên cách nhìn nhận và suy nghĩ về cuộc sống, gia đình, công việc, cũng như cơn trầm cảm và khủng hoảng nửa đời người của tác giả, một người vừa đi qua tuổi trẻ và vào giai đoạn thứ ba của cuộc đời.Sách được chia làm ba phần, cấu trúc rõ rệt.Phần một, là các bài viết mang tính kỹ năng mềm cho các bạn học sinh, sinh viên và các bạn trẻ mới bắt đầu trên con đường đi làm. Nó là quá trình đúc kết từ thực tế của Thạch trong hơn mười năm đi làm, từ vị trí nhân viên phục vụ nhà hàng cho đến giám đốc một công ty.Đó là các bài viết về gởi email, viết CV nhìn cho hấp dẫn, những chia sẻ về kinh nghiệm đi phỏng vấn xin việc lần đầu, những vui buồn khi còn là sinh viên và nhận công việc phục vụ quán ăn cho đến những lưu ý khi bước chân vào môi trường công sở. Những kỹ năng mềm cần thiết cho sinh viên nhưng ít trường đại học nào dạy.Phần hai, là những suy nghĩ về mối quan hệ giữa người với người và con người với xã hội. Thạch nói lên suy nghĩ của mình về câu hỏi, “Nhiều tiền để làm gì?”, về cách dùng đồng tiền làm sao cho vui. Về chuyện con người ta cứ phải sống theo đánh giá tiêu chuẩn của người xung quanh, của ông hàng xóm mà chưa quen với việc tự hỏi bản thân mình có hạnh phúc thật sự hay không. Về mối quan hệ bạn bè, đi du lịch cùng nhau hay chỉ đơn giản là… cho mượn tiền rồi làm sao đòi lại?Phần cuối cùng, là giai đoạn khủng hoảng nửa đời người của Thạch, khi qua ba mươi, người ta dễ lạc lối và hỏi bản thân mình rằng sẽ phải làm gì tiếp theo, khó tìm kiếm niềm vui trong cuộc sống. Và khi đó, con người ta phải học cách sống đơn giản hơn để cân bằng chính cảm xúc của mình.'),
('MS05', '3 PHÚT SƠ CỨU', 'Ngô Đức Hùng', 'NXB Thế giới', 'Chăm sóc sức khỏe', 10, 125000, '/img/sach/ba-phut-so-cuu-bia.jpg', '3 phút là khoảng thời gian để cơ thể tiết ra adrenalin, hormon sống còn giúp máu về tim tốt hơn. Nếu bạn sơ cứu không đúng cách, máu về tim sẽ tồi hơn và các tế bào sẽ rối loạn chuyển hóa.3 phút là thời gian chảy máu trước khi cơ thể khởi động quá trình cầm máu. Nếu bạn sơ cứu không đúng cách, quá trình cầm máu sẽ tồi hơn và giết chết các tế bào được mạch máu đó nuôi dưỡng.3 phút là thời gian tế bào não có thể chịu đựng được khi thiếu oxy trước khi tổn thương vĩnh viễn. Nếu bạn sơ cứu không đúng cách, tế bào não sẽ tổn thương vĩnh viễn và lúc ấy các can thiệp y khoa sẽ trở thành vô nghĩa.Cuốn sách gồm đầy đủ các thông tin giúp bạn sơ cứu trong 3 phút đó. Ngắn gọn. Rõ ràng. An toàn. Hiệu quả'),
('MS06', 'CẤP TỐC 789+ ÔN THI THPT MÔN ANH', 'Phạm Thị Tâm', 'Đại Học Quốc Gia Hà Nội', 'Sách Luyện Thi THPT Quốc Gia', 10, 180000, '/img/sach/sach-cap-toc-789-tong-on-thi-thpt-quoc-gia-mon-anh_L.jpg', 'Sách được chia làm 4 phần:  - Phần 1: Quét nhanh KIẾN THỨC TRỌNG TÂM - Phần 2: Tổng hợp skill, mẹo, tips... x2, x3 tốc độ làm, giải đề - Phần 3: CHIẾN THUẬT TỔNG ÔN - MỤC TIÊU ĐIỂM 8 9 - Phần 4: Bộ câu hỏi vận dụng - vận dụng cao chinh phục điểm 10  Sau khi các bạn hoàn thành cuốn sách CẤP TỐC 7 8 9+ học sinh sẽ được trang bị đầy đủ kiến thức bám sát chương trình tinh giản 2020 của Bộ GD&ĐT, kỹ năng bấm máy tính Casio giải nhanh câu hỏi chi với 20s/1 câu, Tips, mẹo, phương pháp giải nhanh hiệu quả rõ rệt. Ngoài ra, các em học sinh nên xem thêm cuốn sách trong bộ \"CẤP TỐC 789+\" Môn Lý - Hoá - Anh giải pháp cứu cánh vạn sĩ tử 2002.'),
('MS07', 'TÂM LÝ HỌC TÍCH CỰC', 'Edward Hoffman', 'NXB Lao Động', 'Kỹ năng sống', 10, 129000, '/img/sach/tam-ly-hoc-tich-cuc.jpg', 'Tâm Lý Học Tích Cực là một cuốn sách thực hành về sự phát triển cá nhân và nuôi dưỡng niềm vui, thông qua cách tiếp cận của tâm lý học tích cực và được thiết kế đặc biệt để tổng hợp các chủ đề theo từng chương ngắn gọn và chú trọng tính vận dụng. Cuốn sách bao gồm 60 nội dung độc lập và súc tích để giúp người đọc tối ưu hóa sự phát triển cá nhân, nhằm làm chủ một cuộc sống hạnh phúc hơn, trọn vẹn hơn và có ý nghĩa hơn.  Trong 20 năm tồn tại với tư cách một chuyên ngành học thuật mới, tâm lý học tích cực (positive psychology) đã nhận được rất nhiều sự quan tâm. Chuyên ngành tâm lý học tích cực tập trung nghiên cứu khoa học về hạnh phúc và sự phồn thịnh. Trên toàn thế giới, không khó để tìm thấy những tác phẩm nghiên cứu xoay quanh chủ đề này.  Khi lĩnh vực tâm lý học tích cực phát triển, các khái niệm của nó được mở rộng đáng kể và hiện nay đã bao gồm cả những khía cạnh hoạt động lành mạnh giữa các cá nhân, vợ chồng, gia đình, các tổ chức và những cộng đồng lớn hơn. Khi giảng dạy những khái niệm hấp dẫn này, bộ đôi tác giả thường kết hợp cả hoạt động trong lớp và bài tập về nhà để nâng cao chất lượng học tập của học viên. Phản hồi của học viên về các hoạt động thực hành tâm lý học tích cực luôn đầy khích lệ. “Nó đã giúp tôi thay đổi cuộc sống” là phản hồi phổ biến nhất - thường xuyên tới mức các tác giả đã quyết định viết cuốn sách này. Tâm Lý Học Tích Cực tổng hợp các chủ đề theo từng chương ngắn gọn và mạch lạc, chẳng hạn như hạnh phúc mang tính chủ quan, tình yêu lãng mạn, gia đình tích cực, hay hạnh phúc suốt đời. Các tác giả cũng cung cấp một số biện pháp tác động “đặc thù” đến sự phồn thịnh trong tâm lý học tích cực, như các nội dung về lòng biết ơn và cách hình dung tốt nhất về bản thân mình.'),
('MS08', 'QUY TẮC 5 GIÂY', 'Mel Robbins', 'NXB Thế Giới', 'Kỹ năng sống', 10, 135000, '/img/sach/quy-tac-5-giay-nha-nam.jpg', 'Quy Tắc 5 Giây giới thiệu quy tắc thúc đẩy bản thân để biến chuyển cuộc đời, sự nghiệp và sự tự tin chỉ trong 5 giây.  “Nếu bạn đang tìm người giúp thay đổi cuộc đời mình, hãy nhìn vào gương!” Đây quả là một tuyên bố táo bạo của tác giả Mel Robbins, cũng như những lời sau đó còn táo gan hơn của bà, rằng, “Bạn sắp được học một điều phi thường – đó là bạn chỉ cần năm giây để thay đổi cuộc đời mình”.  Thông qua cuốn sách này, tác giả nổi tiếng, diễn giả nổi tiếng của chương trình TED, doanh nhân thành đạt Mel Robbins sẽ lý giải về Quy tắc 5 giây mà cô sáng tạo ra, đồng thời chỉ ra cho chúng ta cách chỉ tốn 5 giây để: - Trở nên tự tin - Phá vỡ thói quen chần chừ và nghi ngờ bản thân - Đánh bại nỗi sợ hãi và sự không chắc chắn - Ngừng lo lắng và cảm thấy hạnh phúc hơn - Chia sẻ ý tưởng với lòng can đảm  Quy tắc 5 giây là một giải pháp đơn giản, phù hợp với tất cả các vấn đề cho một vấn đề mà tất cả chúng ta phải đối mặt – sự trì hoãn.  Như tác giả Mel Robbins đã nói, bí mật không phải là biết điều gì phải làm, mà là biết cách khiến bản thân làm điều đó.  Quy Tắc 5 Giây ( Nhã Nam) sẽ giúp các bạn thoát khỏi sức ỳ của bản thân, vượt qua cú sốc cá nhân để sống bình thường, cân bằng cuộc sống...'),
('MS09', 'PHƯƠNG PHÁP TẠO ĐỘNG LỰC TRONG CÔNG VIỆC', 'Jon Sternfeld', 'NXB Lao Động', 'Kỹ năng sống', 10, 158000, '/img/sach/phuong-phap-tao-dong-luc-trong-cong-viec.jpg', 'Thể thao và kinh doanh là hai lĩnh vực tưởng như không có điểm giao nhau nhưng thực ra, có những bài học thành công trong thể thao khi áp dụng vào việc kinh doanh lại mang đến những kết quả ngoài mong đợi.  Phương Pháp Tạo Động Lực Trong Công Việc không đơn thuần là một cuốn sách đưa ra những nguyên tắc thành công khô khan, nó là tổng hợp những bài học, kinh nghiệm thành công tới từ những huấn luyện viên và vận động viên bóng rổ hàng đầu thế giới. Người thành công và khao khát thành công luôn duy trì cho mình tính kỷ luật trong mọi hoàn cảnh mà không mưu cầu sự chú ý, khen thưởng, tán thành từ những người xung quanh. Họ làm vậy chỉ bởi duy nhất một mục đích: khiến bản thân trở nên hoàn thiện hơn qua từng ngày, bằng những việc tưởng chừng nhỏ bé mà nhiều người sẵn sàng bỏ qua. Họ không ngừng thiết lập kế hoạch, điều chỉnh hành động và duy trì thói quen. Những người đứng đầu trong giới thể thao và kinh doanh đã chứng minh rằng thành công là kết quả của mỗi việc nhỏ chúng ta làm hằng ngày, và “Cách chúng ta làm một việc là cách chúng ta làm mọi việc”.'),
('MS10', 'CHẠM', 'Werner Bartens', 'NXB Thanh Niên', 'Kỹ năng sống', 10, 122000, '/img/sach/cham-az-viet-nam.jpg', 'Nói đến sự đụng chạm, hầu hết mọi người sẽ cảm thấy khó chịu và nghĩ rằng đó là hành động bất thường làm phá vỡ mọi giới hạn khoảng cách. Tùy vào nền văn hóa của từng nước, ví dụ như ở châu Âu thì đó là một hành động hết sức thân mật và thể hiện sự thân thiện, lịch sự đối với người khác khi gặp gỡ chào hỏi nhau; nhưng với văn hóa phương Đông thì họ cho rằng sự đụng chạm là điều kiêng kỵ và có thể khiến đối phương cảm thấy ghê tởm, xấu hổ hoặc tổn thương.  Thế nhưng, với cuốn sách Chạm, những định kiến về việc “chạm” và “được chạm” từ trước đến giờ sẽ được nhìn nhận theo góc độ khoa học, được các nhà nghiên cứu chỉ ra bằng những ví dụ chân thực và rõ ràng. “Tiếp xúc vật lý là ngôn ngữ đầu tiên chúng ta sử dụng, nhưng có quá ít người biết điều này.” Ngày nay, nhiều công trình nghiên cứu khoa học về xúc giác đã chỉ ra rằng việc tiếp xúc thân thể có thể kích hoạt tất cả những gì và mức độ hữu ích, quý giá mà chúng đem lại - dù trong lĩnh vực y học hay trong tình yêu - hôn nhân, công việc và đương nhiên đối với cả đời sống giải trí, thể thao, văn hóa,… Thậm chí trong nhiều ngôn ngữ, không phải ngẫu nhiên mà “được chạm” lại mang hai ý nghĩa tuyệt vời. Nghĩa đen chính là việc được tiếp xúc thân thể, còn nghĩa ẩn là việc “chạm” đến tâm hồn, khi con người ta bị choáng ngợp bởi cảm xúc, thấy cảm động bởi một khoảnh khắc hay được thấu hiểu trong một cuộc trò chuyện.'),
('MS11', 'Những Nhà Kinh Tế Tiên Phong', 'Nathan Schneider', 'NXB Công Thương', 'Quản lý kinh doanh', 10, 139000, '/img/sach/nhung-nha-kinh-te-tien-phong.jpg', 'Một chế độ phong kiến kiểu mới đang trỗi dậy ở phạm vi toàn cầu, với những tập đoàn độc quyền trao tặng chiến lợi phẩm cho người giàu, còn các thường dân thì sống một cuộc đời bất ổn định và đầy biến động. Nhưng trong cuốn sách “Những nhà kinh tế tiên phong”, tác giả Nathan Schneider đã chỉ ra rằng có một phương án thay thế đã xuất hiện, chỉ chờ chúng ta khám phá và tận dụng. Đó chính là tiến hành những mô hình hợp tác.  Một nền kinh tế cấp tiến mới sẽ được hình thành trong tương lai gần, và nó bén rễ từ truyền thống hợp tác đã luôn trao sức mạnh cho con người trong hàng thế kỷ. Chủ nghĩa hợp tác đang được hồi sinh, trả lại quyền làm chủ, quyền giám sát và quyền điều hành cho người dân - những người vừa là chủ sở hữu, vừa là người quản trị, đồng thời là người cấp vốn, cũng như là người tiêu dùng kiêm thành viên của những liên minh hoạt động vì lợi ích chung.  Các tổ chức hợp tác là những doanh nghiệp thuộc sở hữu chung của mọi người, được vận hành một cách dân chủ nhằm cải thiện lợi ích về kinh tế, xã hội và văn hóa của các thành viên. Những liên minh này thường nổi lên trong những giai đoạn khủng hoảng, giúp người dân có tiếng nói tại nơi làm việc, cũng như tại các tổ chức liên hiệp tín dụng, dịch vụ y tế, đơn vị cung cấp tiện ích công... - những nơi mà con người luôn dựa vào để duy trì một cuộc sống tốt đẹp.'),
('MS12', 'Mưu Lược Trong Kinh Doanh', 'Hoàng Văn Tuấn', 'NXB Lao Động', 'Quản lý kinh doanh', 10, 130000, '/img/sach/muu-luoc-trong-kinh-doanh.jpg', 'Từ xưa tới nay, thương trường luôn là nơi diễn ra những cuộc cạnh tranh không khoan nhượng. Để giành thắng lợi, bên cạnh tiềm lực kinh tế và kiến thức chuyên môn, cần phải có bề dày kinh nghiệm – điều mà các doanh nhân trẻ không thể có trong một sớm một chiều. Trong trường hợp này, cách tích lũy nhanh nhất chính là tích lũy từ truyền thống, từ kho tàng kinh nghiệm quý báu mà cổ nhân đã đúc kết.  Cuốn sách Mưu Lược Trong Kinh Doanh cung cấp cho các doanh nhân những kinh nghiệm của cổ nhân, được đúc kết dưới dạng cô đọng đầy hình ảnh với những ví dụ sống động từ chính thương trường, sẽ mang lại cho bạn đọc nhiều kiến thức bổ ích trong kinh doanh.'),
('MS13', 'Quản Lý Chuyên Nghiệp', 'Dottie Schindlinger', 'NXB Lao Động', 'Quản lý kinh doanh', 15, 119000, '/img/sach/quan-ly-chuyen-nghiep.jpg', 'Tác động mạnh mẽ và không thể đoán trước của sự đổi mới và gián đoạn công nghệ, kinh tế và xã hội, cùng các quy định phức tạp của chính phủ…những yếu tố này đã làm cho việc quản lý doanh nghiệp ngày nay trở nên khó khăn hơn. Mặc dù có nhiều trở ngại, nhưng hội đồng quản trị và các giám đốc doanh nghiệp vẫn có khả năng phản ứng ngay lập tức và chính xác trong mọi tình huống cho dù có phức tạp đến đâu. “Quản lý chuyên nghiệp” là một cuốn sách hướng dẫn các phương pháp tiếp cận và quy trình công nghệ mới để giúp cho công việc quản lý trở nên dễ dàng hơn.  Trong khi hầu hết các sách quản lý doanh nghiệp tập trung vào các nguyên tắc và thực tiễn đã được thiết lập, thì cuốn sách này lại nhấn mạnh những sự thay đổi trong cách thức thực hành cùng với sự tiến bộ nhanh chóng của công nghệ. Dựa trên kinh nghiệp làm việc của các tác giả với hơn 15.000 tổ chức và 500.000 giám đốc trên toàn cầu, cuốn sách “Quản lý chuyên nghiệp” đã chỉ ra giải pháp để các công ty có thể thay đổi cách họ hình thành và ban hành các quy định trong quản lý doanh nghiệp nhằm hướng tới một sự phát triển bền vững.'),
('MS14', 'Đế Chế Alibaba', 'Trần Vĩ', 'NXB Hồng Đức', 'Quản lý kinh doanh', 10, 172000, '/img/sach/de-che-alibaba-bia.jpg', 'Khi khởi đầu, Alibaba thiếu vốn, công nghệ, và kế hoạch hoạt động. Những khó khăn này như báo hiệu cho một thất bại nhãn tiền. Nhưng tầm nhìn của Jack Ma cho phép ông mơ giấc mơ lớn, cái giúp doanh nghiệp này trở thành một kinh doanh khổng lồ. Như ông đã chia sẻ, mục tiêu cuối cùng là “đánh bại eBay, thâu tóm Yahoo và cản bước tiến của Google”. Phong cách lãnh đạo đầy cảm hứng của Jack Ma đã để lại tầm ảnh hưởng sâu rộng cho rất nhiều doanh nghiệp non trẻ mới bước đầu khởi nghiệp. Nhìn chung, phong cách quản trị nhân sự của Jack Ma được tóm gọn trong những nguyên tắc chính sau:  Bí mật quản trị nhân lực để tạo ra một đội quân bách chiến bách thắng Văn hóa doanh nghiệp Nhìn chung, Khi doanh nghiệp phát triển đến một giai đoạn nhất định, xây dựng văn hóa doanh nghiệp sẽ trở thành mấu chốt để nhà quản lí đạt được sự đồng lòng nơi tập thể nhân viên. Với Alibaba xây dựng nên chín tôn chỉ và sáu quan niệm nòng cốt chính thức ghi vào quy định, cụ thể hóa thành hệ thống nguyên tắc sát hạch hành vi, đó là thành quả của tổng kết quá trình “Văn hóa doanh nghiệp” chính là sợi dây kết nối Ali: văn hóa tươi cười, văn hóa võ hiệp, văn hóa đối lập'),
('MS15', 'Muôn Kiếp Nhân Sinh', 'Nguyên Phong', 'NXB Tổng Hợp TP.HCM', 'Kiến thức bách khoa', 10, 228000, '/img/sach/muon-kiep-nhan-sinh-many-times-many-lives.jpg', 'Sách Muôn Kiếp Nhân Sinh là tác phẩm do Giáo sư John Vũ - Nguyên Phong viết từ năm 2017 và hoàn tất đầu năm 2020 ghi lại những câu chuyện, trải nghiệm tiền kiếp kỳ lạ từ nhiều kiếp sống của người bạn tâm giao lâu năm, ông Thomas – một nhà kinh doanh tài chính nổi tiếng ở New York. Những câu chuyện chưa từng tiết lộ này sẽ giúp mọi người trên thế giới chiêm nghiệm, khám phá các quy luật về luật Nhân quả và Luân hồi của vũ trụ giữa lúc trái đất đang gặp nhiều tai ương, biến động, khủng hoảng từng ngày.   Muôn Kiếp Nhân Sinh là một bức tranh lớn với vô vàn mảnh ghép cuộc đời, là một cuốn phim đồ sộ, sống động về những kiếp sống huyền bí, trải dài từ nền văn minh Atlantis hùng mạnh đến vương quốc Ai Cập cổ đại của các Pharaoh quyền uy, đến Hợp Chủng Quốc Hoa Kỳ ngày nay.    Muôn Kiếp Nhân Sinh cung cấp cho bạn đọc kiến thức mới mẻ, vô tận của nhân loại lần đầu được hé mở, cùng những phân tích uyên bác, tiên đoán bất ngờ về hiện tại và tương lai thế giới của những bậc hiền triết thông thái. Đời người tưởng chừng rất dài nhưng lại trôi qua rất nhanh, sinh vượng suy tử, mong manh như sóng nước. Luật nhân quả cực kỳ chính xác, chi tiết, phức tạp được thu thập qua nhiều đời, nhiều kiếp, liên hệ tương hỗ đan xen chặt chữ lẫn nhau, không ai có thể tính được tích đức này có thể trừ được nghiệp kia không, không ai có thể biết được khi nào nhân sẽ trổ quả. Nhưng, một khi đã gây ra nhân thì chắc chắn sẽ gặt quả - luật Nhân quả của vũ trụ trước giờ không bao giờ sai.'),
('MS16', 'Câu Đố Việt Nam', 'Mai Chi', 'NXB Hồng Đức', 'Kiến thức bách khoa', 20, 58000, '/img/sach/cau-do-viet-nam-bia-truoc.jpg', 'Câu đố là trò chơi trí tuệ. Thông qua việc đọc và giải đáp các câu đố về hoa quả, cây cối, đồ vật, con vật; câu đố về con người, về các hiện tượng tự nhiên… trẻ em sẽ rèn luyện được óc quan sát tổng hợp, tư duy logic và phát triển trí thông minh. Đọc và giải đáp câu đố còn làm phong phú thêm vốn ngôn ngữ và giúp trẻ nâng cao khả năng phán đoán, giải thích các hiện tượng trong tự nhiên cũng như trong đời sống. Câu đố Việt Nam là một kho tàng kiến thức và tri thức của nhân dân. Nó dạy ta cách quan sát, phán đoán sự vật và các hiện tượng diễn ra quanh ta hoặc trong lịch sử một cách tinh nhạy. Câu đố còn giúp ta vận dụng trí thông minh, sự suy nghĩ và cách ứng phó, đối đáp, lẹ làng, dí dỏm đầy chất hóm hỉnh, linh hoạt với tất cả tấm lòng bao dung, độ lượng trong cách giải trí và quy tụ cộng đồng người lao động, sau ngày làm việc căng thẳng. Do vậy, Câu đố Việt Nam cần được khuyến khích phát triển trong vốn quý của nền văn học dân gian nước nhà. Tự thân câu đố còn bao hàm ý nghĩa về nhân sinh, tính đại chúng, dung dị, ý thức dân chủ, và sự hoà nhập, quy tụ hợp đoàn, rất gắn bó, gần gũi nhau giữa các cộng đồng người với mọi thành phần, lứa tuổi, giới tính trong dịp giải trí vô tư, hồn nhiên vào trò chơi đố và giải đầy lý thú.'),
('MS17', 'Giải Mã Siêu Trí Tuệ', 'Vishen Lakhian', 'NXB Công Thương', 'Kiến thức bách khoa', 10, 159000, '/img/sach/giai-ma-sieu-tri-tue-the-code-of-the-extraordinary-mind.jpg', '10 quy tắc gia tăng hạnh phúc, khơi nguồn thức tỉnh và nâng tầm ảnh hưởng  Điều gì sẽ sảy ra nếu con người cứ vô thức sống theo những quan niệm, niềm tin đã lỗi thời về tình yêu, công việc hay hạnh phúc được truyền từ đời này sang đời khác? Và nếu có nhận ra chính mình cũng đang sống như vậy, bạn có dũng cảm vượt ra ngoài khuôn khổ ấy không?  Giải Mã Siêu Trí Tuệ là một bản thiết kế 10 quy tắc giúp bạn phá bỏ xiềng xích của một cuộc sống bình thường để sống một cuộc đời phi thường. Kết hợp tư duy tính toán, lý thuyết tích hợp, tâm linh hiện đại, sinh học tiến hóa cùng với cách dẫn dắt hài hước, Vishen Lakhiani cung cấp công cụ giúp bạn trở thành một kẻ dám đột phá, thách thức, phát triển cá nhân, bẻ khóa tâm trí và tạo ra các quy tắc mới cho cuộc sống CỦA CHÍNH BẠN.  Cuốn sách gửi tới người đọc một bộ quy tắc “mã hóa bản thân” để hiểu về thế giới theo những cách phi thường; để xây dựng một cuộc sống hạnh phúc; và hơn cả, là để dám mơ về những điều vượt ngoài khuôn khổ truyền thống.'),
('MS18', 'Khoa Học Thật Là Vui', 'Triệu Từ Húc', 'NXB Thanh Niên', 'Kiến thức bách khoa', 30, 25000, '/img/sach/khoa-hoc-that-la-vui-cuoc-song-cua-mot-nha-du-hanh-vu-tru.jpg', 'Không còn là kiến thức hàn lâm, khó hiểu hay nhàm chán, thế giới khoa học sẽ mở ra trước mắt bé thật vui thật hấp dẫn với sách Khoa Học Thật Là Vui - Cuộc Sống Của Một Nhà Du Hành Vũ Trụ   Bộ sách gồm có 6 cuốn:   Khoa học thật là vui -Tuyệt chiêu thoát thân của động vật  Khoa học thật là vui - Bật mí chuyện sâu hóa bướm  Khoa học thật là vui - Khám phá làn da của loài người  Khoa học thật là vui - Các loại vi khuẩn  Khoa học thật là vui - Bí ẩn của bầu trời  Khoa học thật là vui - Cuộc sống của một nhà du hành vũ trụ'),
('MS19', 'Thời Cá Voi Biết Đi', 'Dougal Dixon', 'NXB ĐH Sư Phạm', 'Kiến thức bách khoa', 10, 98000, '/img/sach/thoi-ca-voi-biet-di.jpg', 'Các bạn nhỏ có biết thời cá voi biết đi, thời bò sát mọc ra đôi cánh hay thời mà rắn còn chân?  Dựa trên vết tích hoá thạch của các loài động vật có lịch sử hàng trăm triệu năm trước mà chúng ta có thể phát hiện ra những điều kỳ diệu. Hãy cùng khám phá để tim hiểu về sự phát triển, tiến hoá cho đến khi bị diệt vong của các giống loài. Và trong đó có cả chính chúng ta - con người'),
('MS20', 'CHỦ NGHĨA TỐI GIẢN', 'Fields Millburn', 'NXB Lao Động Xã Hội', 'Kỹ năng sống', 10, 139000, '/img/sach/chu-nghia-toi-gian.jpg', 'Chủ Nghĩa Tối Giản được viết và tổ chức để giúp bạn suy nghĩ về cuộc sống của bạn và cách bạn sống; để khiến bạn thực hiện một số công việc và hướng nội để bạn có thể rời khỏi cuộc sống cũ và bắt đầu cuộc hành trình sang một cuộc sống mới; để giúp bạn nhận ra mình có thể thay đổi, bạn có thể chọn lại mẫu người mà bạn sẽ trở thành, bạn có thể trở thành người tốt nhất mà bạn có khả năng trở thành - bạn thực sự, đam mê, yêu thương, từ bi, kỷ luật và hạnh phúc.  JOSHUA FIELDS MILLBURN & RYAN NICODEMUS là những tác giả bán chạy nhất và các diễn giả quốc tế chia sẻ thông điệp của họ về việc sống một cuộc sống có ý nghĩa với ít công cụ hơn. Câu chuyện của họ đã được giới thiệu trên chương trình Today và trên các tạp chí Time, People, Forbes, New York Times, Wall Street Journal, USA Today, Boston Globe, San Francisco Chronicle, Chicago Tribune, Seattle Times, Toronto Star, Globe & Mail, Vancouver Sun, Village Voice, LA Weekly và nhiều phương tiện khác.  Chúng tôi muốn nói với bạn rằng chủ nghĩa tối giản đóng một vai trò quan trọng trong việc sống một cuộc sống có ý nghĩa. Chủ Nghĩa Tối Giản là một công cụ để loại bỏ sự sống dư thừa và tập trung vào các yếu tố cần thiết. Do đó, cuốn sách này là về chủ nghĩa tối giản, bởi vì cuốn sách này tập trung vào năm lĩnh vực thiết yếu của cuộc sống. Bằng cách chấp nhận sự tối giản trong các khía cạnh khác của cuộc sống (tài sản của bạn, công việc của bạn, v.v...), bạn có thể tập trung vào những điều quan trọng nhất trong cuộc sống.'),
('MS21', 'Nông Trại Nuôi Sống Chúng Ta', 'Nancy Castaldo', 'NXB ĐH Sư Phạm', 'Kiến thức bách khoa', 10, 120000, '/img/sach/nong-trai-nuoi-song-chung-ta.jpg', 'Thức ăn của chúng ta có đến từ đâu? Nông trại đóng vai trò gì? Như thế nào mới gọi là nông dân?  Hãy theo chân gia đình nhà nông trong một năm và khám phá xem những người nông dân ấy đã nuôi trồng thực phẩm thơm ngon, tươi mới cho chúng ta như thế nào nhé. Hãy khám phá các công việc ở nông trại gia đình, nhừng loài vật, rau màu và máy móc, cũng như nhịp sống của nhà nông.'),
('MS22', '30 Giây Y Học', 'Gabrielle M Finn', 'NXB Kim Đồng', 'Kiến thức bách khoa', 10, 130000, '/img/sach/30-giay-y-hoc.jpg', 'Lời thề Hippocrate là gì? Ai là người đầu tiên đã khám phá ra kháng sinh? Có đúng là công nghệ hiện nay cho phép phẫu thuật tái tạo để sử dụng các phần của cơ thể tùy chỉnh từ công nghệ in 3D? Chụp cắt lớp (CT) khác gì với chụp cộng hưởng từ (MRI)?  30 Giây Y Học sẽ trả lời cho những câu hỏi trên, bằng việc trình bày các cột mốc quan trọng, phương thức điều trị, bước tiến công nghệ, các loại thuốc và bệnh tật. Mỗi mục được tóm tắt chỉ trong 30 giây, với 300 từ và một bức tranh, đưa bạn đọc vào hành trình cuốn hút từ lúc y học còn phụ thuộc vào tự nhiên, đến phẫu thuật nội soi, các chi phỏng sinh học và các đột phá về thuốc điều trị. Minh họa bằng các bức tranh sáng tạo, cung cấp tiểu sử về những nhà tiên phong trong lĩnh vực y học, đây là cuốn sách thiết yếu cho bất kì ai muốn biết về thế giới của các căn bệnh và những người chữa trị chúng.   Chủ biên Gabrielle M. Finn là giảng viên lâu năm tại khoa Giáo dục Y tế trường Y Hull York. Bà là bác sĩ giải phẫu và nhà giáo dục yêu thích việc truyền bá kiến thức rộng rãi ở nhiều lĩnh vực chăm sóc sức khỏe. Bà quan tâm nghiên cứu xây dựng tính chuyên nghiệp của bác sĩ và cơ sở y tế, cũng như giải phẫu học sư phạm. Gabrielle là Chủ tịch Giáo dục của Hiệp hội Giải phẫu. Bà có bằng tiến sĩ ngành Giáo dục Y tế.'),
('MS23', '30 Giây AI Và Robot Học', 'Luis de Miranda', 'NXB Kim Đồng', 'Kiến thức bách khoa', 10, 130000, '/img/sach/30-giay-ai-va-robot-hoc.jpg', 'Phương pháp “học sâu” là gì? Trí thông minh nhân tạo biết suy nghĩ? Thế hệ robot trong tương lai gần sẽ trông thế nào? Liệu có sự phân hóa giữa người am hiểu công nghệ và người sợ hãi nó? Con người và các cỗ máy thông minh rồi sẽ hợp thể thành những chủng loài hoàn toàn mới?  30 Giây AI Và Robot Học sẽ trình bày đáp án súc tích và dễ hiểu cho các câu hỏi trên trong 50 mục, bao gồm các khái niệm cốt lõi và cột mốc lịch sử trong lĩnh vực robot học và trí thông minh nhân tạo (AI). Mỗi mục được gói gọn trong vòng 30 giây – chỉ với 300 từ và một hình ảnh minh họa. Đây là cuốn sách phải đọc dành cho bất kì ai muốn hiểu rõ về các thay đổi quan trọng đang diễn ra trong cuộc sống hàng ngày, tại nơi làm việc và trong chính cơ thể, khối óc của chúng ta. Với việc bổ sung tiểu sử các nhân vật hàng đầu và minh họa bằng đồ họa sáng tạo, 30 Giây  AI và Robot học sẽ giúp độc giả định hướng được trong thế giới của những chiếc máy tính phủ khắp, các đô thị thông minh, robot cộng tác và tiềm lực con người trong kỉ nguyên tự động hóa.  Chủ biên Luis de Miranda là triết gia kiêm sử gia của bộ môn Lịch sử Ý tưởng, người đã thực hiện các nghiên cứu chuyên sâu về người-máy hợp thể học, văn hóa số và sự lệ thuộc vào công nghệ trong cuộc sống thường ngày của chúng ta. Ông là tác giả của một số tác phẩm tiểu thuyết lẫn phi tiểu thuyết như Nghệ thuật của Tự do trong Kỉ nguyên Tự động. Hiện ông đang công tác về AI và Nhân văn số tại đại học Örebro, Thụy Điển.'),
('MS24', 'Dấu Ấn Khơi Dòng Văn Hóa Việt', 'Lê Minh Quốc', 'NXB Tổng Hợp TP.HCM', 'Kiến thức bách khoa', 5, 260000, '/img/sach/dau-an-khoi-dong-van-hoa-viet.jpg', 'Văn hóa là một bộ phận không thể tách rời của cuộc sống và nhận thức - một cách hữu thức cũng như vô thức - của các cá nhân và các cộng đồng. Văn hóa là tổng thể sống động các hoạt động tạo trong quá khứ và trong hiện tại.    Qua các thế kỷ, hoạt động sáng tạo ấy đã hình thành nên một hệ thống các giá trị, các truyền thống và các thị hiếu - những yếu tố xác định đặc tính riêng của mỗi dân tộc. Vì vậy văn hóa nhất định sẽ ghi dấu ấn của mình lên hoạt động kinh tế của con người và xác định những mặt mạnh mặt yếu riêng của các quá trình sản xuất trong một xã hội.    Đó là những điều rút ra từ các kinh nghiệm tiêu cực lẫn tích cực của mọi nước. Hễ nước nào tự đặt ra cho mình mục tiêu phát triển kinh tế mà tách rời môi trường văn hóa thì nhất định xẩy ra những mất cân đối nghiêm trọng cả về mặt kinh tế và văn hóa, và tiềm năng sáng tạo của nước ấy sẽ bị suy yếu rất nhiều.    Một sự phát triển chân chính đòi hỏi phải sử dụng một cách tối ưu nhân lực và vật lực của mỗi cộng đồng. Vì vậy phân tích đến cùng, các trọng tâm, các động cơ và các mục đích của phát triển phải được tìm trong văn hóa...'),
('MS25', 'Kể Tiếp Chuyện Bác Hồ', 'Trần Quân Ngọc', 'NXB Tổng Hợp TP.HCM', 'Kiến thức bách khoa', 14, 70000, '/img/sach/ke-tiep-chuyen-bac-ho.jpg', 'Năm 2020 chúng ta có nhiều ngày kỷ niệm đáng ghi nhớ. Đó là ngày kỷ niệm lần thứ 130 ngày sinh của Chủ tịch Hồ Chí Minh (19/5/1890 - 19/5/2020); kỷ niệm lần thứ 100 ngày Nguyễn Ái Quốc - Hồ Chí Minh tham dự Đại hội Tua, thành lập Đảng Cộng sản Pháp (30/12/1920); kỷ niệm lần thứ 90 ngày thành lập Đảng Cộng sản Việt Nam (03/02/1930 - 03/02/2020); kỷ niệm 75 năm ngày thành lập nước Việt Nam Dân chủ Cộng hòa (02/9/1945 - 02/9/2020)...   Kể Tiếp Chuyện Bác Hồ bao gồm một số bài viết của tác giả về hai mảng đề tài mà ông quan tâm tìm hiểu trong nhiều năm qua.    Ở mảng đề tài thứ nhất - về những người bạn quốc tế của Bác Hồ - ngoài bài viết về người bạn Pháp là Pôn Vayăng Cutuyriê (trong thời kỳ thành lập Đảng Cộng sản Pháp) và một người bạn Haiti là Max Clanhvin Blôngcua (trong giai đoạn làm báo Le Paria - Người cùng khổ) đã công bố cách đây 30 năm, chúng tôi tập hợp một số bài của tác giả viết về những người bạn khác của Bác như Côlarốp V.P., Đimitrốp G.M, hai người Bungari từng đảm nhiệm trọng trách Tổng Bí thư Quốc tế Cộng sản do Lênin sáng lập; nhà văn Nhật Bản Kômátsu Kiyôshi, chính khách và nhà văn hóa Thái Lan Pridi Phanomyông, “Ông hoàng Đỏ” người Lào Xuphanuvông...    Ở mảng đề tài thứ hai - một số sự kiện trong đời hoạt động cách mạng của Bác - tác giả đã sưu tầm được nhiều thông tin, tài liệu đáng tin cậy, chắp nối, liên kết lại với nhau, dựng lại một số sự kiện thú vị như quan hệ của Người với tổ chức hướng đạo sinh; về hai chuyến bí mật đi thăm Liên Xô trong những năm kháng chiến chống Pháp 1950 và 1952...  '),
('MS26', 'Thế Giới Sẽ Ra Sao?', 'Nhiều Tác Giả', 'NXB Dân Trí', 'Kiến thức bách khoa', 10, 129000, '/img/sach/the-gioi-se-ra-sao.jpg', 'Bạn đã sẵn sàng với chiếc xe đạp tự sửa chữa chưa?  Vậy còn viên thuốc mà uống xong bạn sẽ không bao giờ muộn phiền nữa thì sao?  Bạn muốn sống trong không gian hay trong một thế giới mà thuốc thang được điều chỉnh theo ADN của riêng bạn?  Có lẽ bạn sẽ dần quen với quyền lực ngày một lớn của trí tuệ nhân tạo.  Trong Thế Giới Rồi Sẽ Ra Sao? 18 nhà khoa học và chuyên gia sẽ khám phá những gì đang chuẩn bị xảy đến với nhân loại. Những chủ đề của họ trải dài từ những thứ trừu tượng (điện toán lượng tử và sinh học tổng hợp) tới những thứ cốt yếu (biến đổi khí hậu và năng lượng) tới những thứ thực sự thuộc về tương lai (du hành thời gian và dịch chuyển tức thời). Và cùng với đó, họ sẽ chỉ cho chúng ta thấy làm thế nào để tái cấu trúc xã hội sau tận thế, và một quả trứng rùa ốp lết sẽ dạy cho chúng ta những gì về việc cứu lấy hành tinh này.  Vật lý làm bạn bối rối? Bạn sẽ không bao giờ bối rối nữa sau khi đọc xong cuốn sách ngập tràn những hiện tượng, thí nghiệm lý thú này.'),
('MS27', 'Giáo Trình Xã Hội Học Đại Cương', 'Trương Thị Hiền', 'NXB Tổng Hợp TP.HCM', 'Giáo trình', 10, 90000, '/img/sach/giao-trinh-xa-hoi-hoc-dai-cuong.jpg', 'Trong chương trình đào tạo các ngành có trình độ đại học, học phần Xã Hội Học đại cương là học phần của khối kiến thức khoa học xã hội thuộc nội dung kiến thức giáo dục đại cương. Học phần này cung cấp cho người học những kiến thức cơ bản và có hệ thống về tri thức xã hội học, bao gồm: khái quát về khoa học xã hội học; phương pháp nghiên cứu xã hội học; một số chủ đề nghiên cứu của xã hội học như là: cơ cấu xã hội; hành động xã hội và tương tác xã hội; cá nhân và xã hội; bất bình đẳng và phân tầng xã hội; sự điều tiết của xã hội; chuyển biến xã hội,…   Việc tiếp cận xã hội học có thể hướng dẫn người học cách tổ chức suy nghĩ để đặt câu hỏi tốt hơn và hình thành câu trả lời tốt hơn khi quan tâm tới các hiện tượng xã hội. Đồng thời, việc học xã hội học cũng có thể giúp người học nhận thức rõ hơn rằng, sự sẵn lòng và khả năng nhìn thế giới từ quan điểm của người khác là điều quan trọng cho việc chung sống trong một thế giới ngày càng đa dạng và hội nhập.  Cuốn Giáo Trình Xã Hội Học Đại Cương này được biên soạn trước hết dành cho sinh viên đang theo học tại Trường Đại học Tây Nguyên nhưng chúng tôi hi vọng nó có thể là tài liệu tham khảo hữu ích cho các bạn sinh viên đang học tập, nghiên cứu xã hội học và những ai quan tâm tới bộ môn xã hội học.'),
('MS28', 'Đại Việt Sử Ký Tục Biên (1676 - 1789)', 'VNC Hàn Nôm', 'NXB Hồng Đức', 'Kiến thức bách khoa', 5, 300000, '/img/sach/dai-viet-su-ky-tuc-bien-1676-1789.jpg', 'Đại Việt Sử Ký Tục Biên do sử gia của triều đại Lê - Trịnh viết ra nên tất yếu đứng trên lập trường đề cao họ Trịnh, coi vua Lê ở hàng thứ yếu và coi nhà Tây Sơn cũng như nhà Nguyễn đều là kẻ thù. Lập trường này bộc lộ ở cách chọn lọc các sự kiện kịch sử và ở cả những ước lệ trong dùng chữ đặt câu. Nhưng đi sâu vào thì trên lập trường chung đó cũng có thể chia ra ba loại, với ba mức độ khác nhau: 1. Loại đề cao họ Trịnh: đó là các bản 2, 3, 4, 5, 6 và phần đầu của bản.   1. Tiếp tục lập trường đề cao họ Trịnh của phần Bản kỷ tục biên (tức các quyển XVII, XVIII, XIX) trong bộ Đại Việt Sử Ký Toàn Thư, các bản trên đây tuy chưa gọi các chúa Trịnh bằng những tiếng vẫn dùng để tôn xưng hoàng đế (những tiếng đó vẫn phải dành cho vua Lê) nhưng thái độ đề cao đã được bộc lộ không còn ở mức bình thường. Nhiều chỗ họ coi chúa Trịnh như những nhân vật “nhà trời” thần thông về năng lực, siêu việt về trí tuệ  2. Loại có sửa chữa bổ sung nhằm bày tỏ thái độ tôn trọng trong họ Nguyễn: đó là các bản chín và phần hai của bản một. Việc sửa chữa này biểu hiện ở hai phương diện: hoặc đưa vào sách một số sự kiện lịch sử của xứ Đàng Trong, hoặc dùng những mĩ hiệu tôn xứng hoàng đế để gọi các chúa Nguyễn. Nhưng dầu sao sự sửa chữa vẫn không quán triệt được trong toàn bộ bộ sách nên đây đó vẫn còn sót nhiều từ ngữ tỏ rõ lập trường đề cao họ Trịnh, miệt thị họ Nguyễn. Điều đó càng chứng tỏ những sự sửa chữa kia chỉ là sửa chữa vào một quyển sử đã viết từ trước, nói cách khác tuy tên gọi đã bị đổi đi (như Hậu Lê thì sự kỷ lược) nhưng văn bản của chúng về cơ bản vẫn là quyển Đại Việt Sử Ký Tục Biên viết dưới thời Lê - Trịnh.  3. Loại có sửa chữa bổ sung nhằm bày tỏ thái độ tôn trọng nhà Tây Sơn.'),
('MS29', 'Vĩ Đại Một Con Người', 'Trần Bạch Đằng', 'NXB Trẻ', 'Kiến thức bách khoa', 10, 52000, '/img/sach/vi-dai-mot-con-nguoi.jpg', 'Tập sách tập hợp những bài viết của Giáo sư Trần Văn Giàu và nhà báo Trần Bạch Đằng về một con người vĩ đại của dân tộc Việt Nam, một lãnh tụ vô sản mà tấm gương mãi ngời sáng - Hồ Chí Minh. Bằng văn phong sâu sắc, giản dị và những dẫn chứng hết sức sống động, các tác giả giúp chúng ta hiểu thêm về di sản đạo đức và tinh thần phong phú của Người; đặc biệt là sự liên hệ, đối chiếu tình hình biến chuyển mạnh mẽ của cách mạng vô sản theo các chiều hướng khác nhau trên phạm vi thế giới ngày nay, để khẳng định thêm tầm vóc những tiên tri, tiên lượng trong tư tưởng Hồ Chí Minh. Sách phù hợp với bạn đọc ở nhiều lứa tuổi, cũng có thể xem là một tài liệu nghiên cứu khoa học có giá trị'),
('MS30', '99 Thử Thách Từ Vựng', 'Sarah Khan', 'NXB Lao Động', 'Kiến thức bách khoa', 10, 75000, '/img/sach/99-thu-thach-tu-vung-1.jpg', 'Không chỉ bởi hình thức đẹp, minh họa sinh động, 99 Thử Thách Từ Vựng còn nổi tiếng bởi cách truyền tải kiến thức gần gũi, dễ hiểu cũng như lượng kiến thức phong phú, cập nhật theo tiêu chuẩn chung của các nền giáo dục tiên tiến trên thế giới. Mình tin rằng đây sẽ là một lựa chọn tuyệt vời cho các em trong độ tuổi tiểu học với các câu đố vui kèm hình minh họa hết sức thú vị và khá hóc búa. Các em có thể gặp ở đây những kiến thức toán học quen thuộc, những câu đố mẹo đầy bất ngờ nhưng cũng có thể có những phần kiến thức có vẻ “quá sức” đối với em. Đừng lo lắng, đó chỉ là do sự khác biệt trong chương trình giáo dục giữa các quốc gia. Và em hãy coi như đây là một cơ hội để hiểu hơn về chương trình học ở một số nước khác trên thế giới, cũng là cơ hội để em khám phá thêm về khả năng tư duy của chính mình.'),
('MS31', 'Văn Phòng Không Nhạt Nhẽo', 'Hương Lan', 'NXB Dân Trí', 'Kỹ năng sống', 9, 80000, '/img/sach/van-phong-khong-nhat-nheo.jpg', 'Công việc văn phòng – chỉ nghe đến 4 từ này sẽ có rất nhiều người hình dung đó hình ảnh những nhân viên, mắt đeo kính, tay đánh máy, mồm ngáp dài trong căn phòng điều hòa mát…. Liệt kê như vậy cũng đã thấy nhàm chán. Ấy thế mà phải có điều gì mới khiến người ta “lao vào” công việc văn phòng như vậy chứ nhỉ. Thực tế, là có vô vàn điều thú vị, dở khóc dở cười đấy nhé.   Là một “con chiên ngoan đạo” suốt 12 năm, tác giả Hương Lan đã phải viết thành Văn Phòng Không Nhạt Nhẽo mới hết được những chuyện dở khóc dở cười như vậy.    Sẽ có rất nhiều nhầm tưởng được tháo gỡ: đi làm chỉ là sáng cắp cặp đi tối xách cặp về, quẩn quanh những công việc ngày nào cũng thế ngày nào cũng vậy,… thậm chí tác giả còn “kê đơn” cho những người đang chán việc.    Văn Phòng Không Nhạt Nhẽo dí dỏm, hài hước với các hình châm biết “không trượt phát nào với 1001 tình huống thường gặp trong văn phòng sẽ khiến bạn phải bật cười vì tin tôi đi, chắc chắn bạn sẽ được nhắc tên trong cuốn sách này đấy.    Sau cuối, tác giả mong muốn sẽ khiến bạn hạnh phúc với công việc mỗi ngày!'),
('MS32', 'Về Trung Quốc', 'Henry Kissinger', 'NXB Hội Nhà Văn', 'Kiến thức bách khoa', 5, 299000, '/img/sach/ve-trung-quoc.jpg', 'Henry Kissinger (1923) nguyên là Cố vấn An ninh Quốc gia và Ngoại trưởng Mỹ. Ông giữ vị trí trọng yếu trong quan hệ Mỹ - Trung dưới thời Tổng thống Nixon. Ông đã đề xuất chính sách Chính trị thực dụng (Realpolitik) để tái định hình quan hệ Mỹ - Trung, Mỹ - Xô và giải quyết các vấn đề nhức nối của thế giới, tạo nên xu thể hòa hoãn giữa các cường quốc trong thập niên 1970. Đặc biệt là trong chuyến thăm Trung Quốc của Nixon năm 1972 đã có tác động sâu sắc tới cục diện thế giới lúc đó và nhiều thập kỷ sau.  Kissinger đã xuất bản 14 cuốn sách và rất nhiều bài báo phản ánh quan điểm của ông về những nơi Mỹ muốn tạo ảnh hưởng, qua đó thể hiện nhiều bài học giá trị về hoạt động ngoại giao. Về Trung Quốc là cuốn sách thứ 13 của ông.  Về Trung Quốc xuất bản lần đầu năm 2011, khi Mỹ và Trung Quốc có những bước tiến mới trong chiến lược và kinh tế Mỹ - Trung. Cuốn sách này là một nỗ lực, mà một phần dựa trên các cuộc đối thoại với giới lãnh đạo Trung Hoa, nhằm giải thích cách suy nghĩ của người Trung Hoa về các vấn đề hòa bình, chiến tranh và trật tự quốc tế, cũng như mối quan hệ của lối tư duy ấy với cách tiếp cận mang tính thực dụng và cụ thể kiểu Mỹ. Trọng tâm chính của cuốn sách này là sự tương tác giữa giới lãnh đạo Trung Hoa và Mỹ kể từ khi Cộng hòa Nhân dân Trung Hoa được thành lập vào năm 1949.  Từ đó, Kissinger chỉ ra những khác biệt đã khiến Trung Quốc và Mỹ ở thế đối đầu trong hai thập kỷ và tái hiện cuộc chạm trán của Trung Quốc với những cường quốc khác. Tình thế đó chỉ thay đổi khi Mỹ và Trung Quốc tái lập quan hệ hữu nghị vào năm 1972 với vai trò kiến thiết quan trọng của Kissinger.  Tuy nhiên, ngay từ năm 2011, Kissinger cũng đã dự báo về những vấn đề lớn sẽ tác động tới quan hệ Mỹ - Trung, mà bây giờ đã thành hiện thực:  Thâm hụt thương mại của Mỹ trong quan hệ kinh tế với Trung Quốc  Không tương ứng trong các mối quan tâm chiến lược toàn cầu  Dựa trên kinh nghiệm lịch sử, cảnh báo về cuộc đối đầu định mệnh Mỹ - Trung, cho dù Trung Quốc chủ trương “trỗi dậy hòa'),
('MS33', 'Siêu Năng Suất', 'Chris Bailey', 'NXB Công Thương', 'Quản lý kinh doanh', 9, 139000, '/img/sach/sieu-nang-suat.jpg', ' Bí quyết tối đa hóa năng suất thông qua quản lý sự tập trung, thời gian và năng lượng.  Năng suất là gì? Là làm nhiều hơn hay hoàn thành nhiều hơn? Trong nền kinh tế tri thức, liệu thời gian có còn là vàng? Và điều quan trọng nhất, liệu bạn có hiểu đúng về năng suất hay không?  Trong Siêu Năng Suất, Chris Bailey sẽ cung cấp cho độc giả một hằng đẳng thức gồm ba biến số: thời gian, năng lượng và sự tập trung để có thể đạt được năng vượt trội trong công việc và cuộc sống cá nhân. Hằng đẳng thức này được ông rút ra từ dự án năng suất ông thử nghiệm với chính mình trong một năm. Đồng thời, cũng định nghĩa lại năng suất: Năng suất không phải là làm nhiều việc cùng lúc, mà là hoàn thành nhiều việc có tác động lớn nhất và ý nghĩa nhất với mình.  '),
('MS34', 'Nâng Tầm Dịch Vụ', 'Ron Kaufman', 'NXB Trẻ', 'Quản lý kinh doanh', 9, 150000, '/img/sach/nang-tam-dich-vu.jpg', 'Cuốn sách tiết lộ sức mạnh của việc cung cấp dịch vụ nâng tầm và các bước đi mà người làm dịch vụ có thể áp dụng nhằm xây dựng văn hóa dịch vụ bền vững, có thể phát huy hiệu quả hàng ngày. Cuốn sách cũng trả lời rất nhiều câu hỏi về quá trình thúc đẩy dịch vụ liên tục và xóa đi những quan niệm sai lầm về dịch vụ. Cuốn sách sẽ làm nổi bật lên các công ty và những con người luôn đặt ưu tiên vào sự phục vụ, và có được những thành quả và danh tiếng tuyệt vời. Cuốn sách đưa ra những vấn đề cốt yếu cần thiết để bắt đầu thúc đẩy tổ chức kinh doanh dịch vụ – và tầm nhìn của lãnh đạo kinh doanh dịch vụ.'),
('MS35', 'Học Jack Ma Khởi Nghiệp', 'Trịnh Nhất Quần', 'NXB Dân Trí', 'Quản lý kinh doanh', 8, 150000, '/img/sach/hoc-jack-ma-khoi-nghiep.jpg', 'Tư tưởng dẫn dắt đội nhóm của Jack Ma hướng thẳng vào trọng tâm vấn đề và được đúc kết thành 8 nguyên tắc tinh túy : Thứ nhất : đem lại cho nhân viên thu nhập đủ nuôi gia đình . Thứ hai : hướng dẫn cách suy nghĩ và phương thức làm việc . Thứ ba : kích thích chí cầu tiến và giúp nhân viên đặt ra mục tiêu cho bản thân . Thứ tư : kết hợp giải trí vào công việc . Thứ năm : hướng dẫn cách làm việc thực tế , chắc chắn , không đi đường tắt, khôn vặt . Thứ sáu : tạo cơ hội cho nhân viên trưởng thành , học tập và phát triển. Thứ bảy : giúp thành viên trong nhóm được khen ngợi về tinh thần , phấn đấu nâng cao giá trị bản thân . Thứ tám : tiến tới giá trị tâm hồn , lĩnh ngộ sự vận hành của vũ trụ , hưởng thụ cuộc sống . Chúng ta hãy theo bước chân Jack Ma từ tám nguyên tắc trên , cùng tìm hiểu tư tưởng quản lý đội nhóm của Jack Ma , xây dựng đội ngũ , tạo nên câu chuyện kỳ diệu của chính mình !'),
('MS36', 'Quản Trị Theo Phong Cách Cờ Vây', 'Bất Thức Nguyệt', 'NXB Phụ Nữ', 'Quản lý kinh doanh', 7, 83000, '/img/sach/quan-tri-theo-phong-cach-co-vay.jpg', 'Chúng ta thường tin vào đôi mắt của chính mình. Cái gì ta thấy, cái ấy tồn tại. Điều gì ta biết, điều ấy có thật. Nhưng cũng có những sự thật đôi mắt ta thường bỏ qua. Cũng thế, một lối tư duy thường chỉ đi theo một hướng mà bỏ qua các hướng còn lại.  Cuốn sách này giới thiệu một đôi mắt mới, một cách nhìn mới và một tư duy mới đối với nhà quản trị. Đấy là đôi mắt, cách nhìn và tư duy của một kì thủ cờ vây. Tại sao lại là cờ vây?  Chúng ta vẫn nói về Binh Pháp Tôn Tử, vẫn không ngừng học hỏi từ những nhà quản trị bậc thầy Trung Quốc như Khang Hy, Khổng Minh, Lưu Bị... Chứng tỏ, chúng ta biết rằng, những chiến lược quản trị từ xa xưa mang một sức mạnh và trí tuệ vượt trội, tuyệt vời.  Cờ vây là kết tinh trí tuệ của Trung Hoa từ hàng nghìn năm trước, và vì thế, cờ vây mang theo những tư tưởng rất đáng học hỏi. Có được đôi mắt nhìn nhận và giải quyết vấn đề của một kì thủ cờ vây, nhà quản trị sẽ chứng nghiệm một phương thức quản trị mới:  • Nhìn xuyên qua những lớp nghịch cảnh ở bề mặt.  • Nhận thức rõ và định hướng hành động.  • Có chiến lược và mục tiêu rõ ràng.  Bạn sẵn sàng có đôi mắt tuyệt vời ấy rồi chứ?  Hãy bắt đầu ván cờ này thôi!'),
('MS37', 'Quản Trị Trong Thời Khủng Hoảng', 'Peter F Drucker', 'NXB Công Thương', 'Quản lý kinh doanh', 10, 129000, '/img/sach/quan-tri-trong-thoi-khung-hoang.jpg', 'Trong thời kỳ khủng hoảng, bất kỳ doanh nghiệp nào cũng sẽ gặp phải khó khăn, và dù lớn dù nhỏ chúng cũng sẽ có tác động trực tiếp đến sự tồn tại và hoạt động của doanh nghiệp đó. Quản trị trong thời khủng hoảng với những chiến lược cụ thể, những kế sách hành động rõ ràng, doanh nghiệp sẽ lao đao và có thể rơi vào tình trạng phá sản. Và trong thời kỳ đó, vai trò của các nhà quản lý, các nhà hoạch định chính sách càng trở nên quan trọng.   Câu hỏi đặt ra lúc này đối với các doanh nghiệp, các nhà quản lý là: Làm thế nào để lập ra những chiến lược, chính sách phù hợp? Làm thế nào doanh nghiệp vượt qua được cơn khủng hoảng “bệnh tử”? Và làm thế nào để hùng mạnh hơn sau khủng hoảng? Là một trong những cuốn sách quản trị kinh điển của Cha đẻ Ngành quản trị hiện đại - Peter Drucker, Quản trị thời khủng hoảng tập trung hoàn toàn vào các hành động, chiến lược và cơ hội, những điều các nhà quản trị có thể làm, nên làm và phải làm trong những thời kỳ biến động, khủng hoảng. Trong cuốn sách kinh điển này, Peter đã chỉ ra rằng, thời kỳ khủng hoảng là một thời kỳ nguy hiểm, đáng lo ngại, nhưng lại là cơ hội tuyệt vời cho những ai hiểu rõ nó, chấp nhận và khai phá những thực tế mà nó mang lại.    Quản Trị Trong Thời Khủng Hoảng sẽ mang đến cho các nhà quản lý, các nhà điều hành những câu trả lời hoàn hảo cho việc hoạch định chính sách, thiết lập các hành động và bước đi phù hợp nhằm đưa doanh nghiệp của mình vượt qua khó khăn và phát triển. Đó là: Làm cho doanh nghiệp thích ứng với lạm phát, Quản lý khả năng tài chính và khả năng thanh toán tiền mặt, Quản lý hiệu suất công việc, …'),
('MS38', 'Hùng Mạnh Hơn Sau Khủng Hoảng', 'Ian I Mitroff', 'NXB Công Thương', 'Quản lý kinh doanh', 9, 129000, '/img/sach/hung-manh-hon-sau-khung-hoang.jpg', 'Hùng Mạnh Hơn Sau Khủng Hoảngchỉ ra những thách thức cơ bản mà tất cả các tổ chức công và tư, tổ chức lợi nhuận và phi lợi nhuận, cần phải đối mặt và vượt qua nếu mong muốn tồn tại được với cuộc sống hiện tại. Để có thể đối mặt và vượt qua những thách thức này, những tổ chức thành công sau cuộc khủng hoảng đã nghiên cứu và áp dụng bảy năng lực cần thiết, cho dù không thể làm chủ một cách hoàn toàn. Những năng lực này có thể giúp chúng ta dự đoán, lên kế hoạch, và đối phó với những cuộc khủng hoảng vốn là điều không thể tránh khỏi trong thế giới ngày nay.'),
('MS39', 'Dẫn Dắt Sự Thay Đổi', 'John P Kotter', 'NXB Thế Giới', 'Quản lý kinh doanh', 8, 129000, '/img/sach/dan-dat-su-thay-doi.jpg', 'Dẫn Dắt Sự Thay Đổi  - Cuốn sách vừa là nguồn cảm hứng với những ai đang cần tìm ý tưởng cải cách công ty, lại vừa rất thực tế với tất cả những người có cổ phần trong tổ chức muốn thay đổi tổ chức của mình.   Kotter cho rằng sở dĩ các công ty thường xuyên gặp thất bại vì những thay đổi chiến lược của họ không dẫn đến thay đổi hành vi của nhân viên. Ông đã nhận ra những sai lầm phổ biến nhất trong sự thay đổi ảnh hưởng và đưa ra tám bước để khắc phục những trở ngại.  Tác giả thừa nhận rằng sự thay đổi nội dung đòi hỏi phải có sự lãnh đạo, nhưng khái niệm lãnh đạo ở đây không được hiểu là món quà mà thượng để ban tặng cho một số người nào đó. Kotter đưa ra một trường hợp hấp dẫn mà trong đó, người thắng cuộc sẽ là những người phát triển nhanh hơn và thành công hơn đối thủ của họ.  Cuốn sách này sẽ mang lại cho bạn rất nhiều giá trị. Nó cho thấy những gì John Kotter nghe, thấy, trải nghiệm và kết luận trong nhiều năm làm việc với các công ty để tạo ra biến đổi lâu dài. Cuốn sách vừa là nguồn cảm hứng với những ai đang cần tìm ý tưởng cải cách công ty, lại vừa rất thực tế với tất cả những người có cổ phần trong tổ chức muốn thay đổi tổ chức của mình.   '),
('MS40', 'Đi Ra Thế Giới Với Người Khổng Lồ', 'Phan Văn Phương', 'NXB Thế Giới', 'Quản lý kinh doanh', 10, 119000, '/img/sach/di-ra-the-gioi-voi-nguoi-khong-lo-1.jpg', 'Làm thế nào để doanh nghiệp vừa và nhỏ có thể tiếp cận được thị trường rộng lớn hàng tỷ khách hàng thay vì cạnh tranh chật hẹp ở thị trường nội địa Việt Nam?  Đi Ra Thế Giới Với Người Khổng Lồ là những bài học kinh doanh đắt giá mà tác giả Phan Văn Phương với hơn 20 năm kinh nghiệm trong lĩnh vực Kinh doanh, Nghiên cứu và Phát triển (R&D) trong ngành da giày đúc kết. Trăn trở của tác giả cũng là khát vọng mà nhiều doanh nghiệp Việt Nam đang hướng tới, làm thế nào để nâng tầm doanh nghiệp ăn sâu vào chuỗi giá trị gia tăng cũng như tận dụng được tiềm năng của đất nước.  Cuốn sách này là những hướng dẫn thực tế, từ khái quát hóa bức tranh dịch chuyển sản xuất đang diễn ra trong cuộc thương chiến Mỹ - Trung, lợi thế của Việt Nam đến đánh giá xem mô hình kinh doanh nào phù hợp với định hướng xuất khẩu của doanh nghiệp, và marketing trong doanh nghiệp sản xuất nên được áp dụng như thế nào. Đặc biệt, đối với doanh nghiệp sản xuất, tại sao R&D là xương sống, chìa khóa để giúp doanh nghiệp lớn mạnh? Hãy cùng tìm hiểu những vấn đề trên trong cuốn sách này.  Hơn thế, bước vào năm 2020, doanh nghiệp gặp rất nhiều rủi ro, thách thức đại dịch Covid-19. Đây cũng là cuốn sách giúp doanh nghiệp nhìn lại mô hình kinh doanh và có sự chuẩn bị tiếp theo cho chuỗi cung ứng toàn cầu.'),
('MS41', 'Kiếm Tiền Thời Khủng Hoảng', 'Martin D Weiss', 'NXB Phụ Nữ', 'Quản lý kinh doanh', 9, 169000, '/img/sach/kiem-tien-thoi-khung-hoang.jpg', 'Trong Kiếm Tiền Thời Khủng Hoảng, tác giả cuốn sách lại nhìn vấn đề đó từ quan điểm hoàn toàn trái ngược. Với cách tư duy mới mẻ, Martin Weiss coi khủng hoảng như một cơ hội đầu tư và làm giàu, không những chúng ta có thể bảo toàn tài sản mà còn có thể gia tăng khối tài sản đó dù trong thị trường giá lên hay giá xuống.  Không liệt kê những lý thuyết đầu tư cũ kỹ, khô cứng, điều đặc biệt của Kiếm Tiền Thời Khủng Hoảng là nó được viết dưới dạng tiểu thuyết – một tiểu thuyết dạy cách kiếm tiền khi thị trường chứng khoán “chao đảo”. Nhân vật chính trong truyện là một giáo viên vật lý, hoàn toàn xa lạ với những chỉ số, quỹ đầu tư, trái phiếu, quyền chọn, v.v… Cũng đã từng thất bại, bị lừa gạt, nhưng nhờ những hướng dẫn chi tiết, hiệu quả của nhà tư vấn chỉ-nhận-phí, dần dần cô đã tìm ra cho mình phương thức đầu tư thành công.  Mở đầu Kiếm Tiền Thời Khủng Hoảng là hình ảnh Phố Wall đang bị bao trùm bởi bóng mây đen của khủng hoảng, của những trò bịp bợm, lừa dối, những mánh khóe của các công ty môi giới, kiểm toán. Hàng trăm nhà đầu tư đã rơi vào cảnh khốn cùng vì những nhận định và báo cáo sai lệch. Những ngụy tạo sổ sách kế toán, những vụ mờ ám quanh quỹ lương hưu hay việc biến các công ty con thành những thùng rác kế toán,… diễn ra khắp nơi. Luật pháp chính phủ thì không đủ chặt chẽ để bảo vệ nhà đầu tư. Và đó cũng mới chỉ là phần nổi của tảng băng trôi. Đọc đến đây, hẳn bạn sẽ nghĩ: Liệu đạo đức có thể tồn tại ở Phố Wall và ở bất cứ nơi nào đồng tiền đang ào ạt xoay vòng từ tài khoản nhà đầu tư này sang tài khoản nhà đầu tư khác không? Và liệu có cách thức nào để không bị cuốn vào và trở thành nạn nhân của vòng xoáy đó không?  Bạn sẽ tìm được câu trả lời trong cuốn sách này. Nhẹ nhàng như một câu chuyện, lôi cuốn và sống động như một cuốn tiểu thuyết nhưng vẫn rất thực tế với đầy ắp những sự kiện, Kiếm Tiền Thời Khủng Hoảng giúp người đọc dễ dàng hiểu, nắm vững và áp dụng những bí quyết học được để đầu tư thành công trong những hoàn cảnh khó khăn nhất.'),
('MS42', 'Tư Duy Đơn Giản', 'Ken Segall', 'NXB Thế Giới', 'Quản lý kinh doanh', 10, 138000, '/img/sach/tu-duy-don-gian.jpg', 'Tư Duy Đơn Giản được đúc kết từ các cuộc phỏng vấn của tác giả với hơn 40 lãnh đạo đến từ các công ty khác nhau trong mọi lĩnh vực, từ khắp thế giới, đã đơn giản hóa thành công tổ chức của mình để đạt được những thành tựu nổi bật, từ đó truyền cảm hứng cho độc giả, các doanh nhân đam mê sự đơn giản, thực hiện điều tương tự.   Tất cả chúng ta đều biết và đồng ý với nhau rằng, đơn giản là tốt. Chúng ta luôn bị thu hút bởi những điều đơn giản; chúng ta cũng thích làm việc trong một môi trường ít phức tạp; chúng ta cũng có hứng thú phản hồi với những điều dễ hiểu, rõ ràng. Như tác giả Ken Segall đã chỉ ra trong cuốn sách này, sự đơn giản lại là “một trong những khái niệm dễ gây nhầm lẫn nhất”; ngoài ra, nó còn được cho là “vũ khí uy lực nhất trong ngành kinh doanh: thu hút khách hàng, thúc đẩy nhân viên, tư duy nhanh nhạy hơn đối thủ, và tạo ra những năng lực mới”. Tuy nhiên, sự đơn giản ấy lại hiếm khi đơn giản như vẻ ngoài của nó. Để đạt đến sự đơn giản chúng ta không chỉ phải nỗ lực, mà còn phải nỗ lực không ngừng. Từng là lãnh đạo nhóm đứng sau chiến dịch “Think different” (Tư duy khác biệt) của Apple, có thể nói, giờ đây Ken Segall lại đang phát động một chiến dịch mới, chiến dịch “Think simple” (Tư duy đơn giản) ở khắp các doanh nghiệp trong đủ các lĩnh vực trên toàn thế giới. Từ kinh nghiệm cá nhân và từ các cuộc phỏng vấn, trò chuyện với những nhà lãnh đạo của các công ty hàng đầu thế giới, tác giả sẽ cho chúng ta thấy, sự đơn giản là sẵn có cho tất cả mọi người và hoàn toàn miễn phí; những doanh nghiệm thấm nhuần sự đơn giản như Apple, Hyundai Card, StubHub, Ben & Jerry’s, đều đạt được những thành công vang dội. Và quan trọng hơn, những người muốn “đơn giản để vượt trội” sẽ phải làm gì để đặt chân được tới miền đất của sự đơn giản ấy!  ');

-- --------------------------------------------------------

--
-- Table structure for table `taikhoan`
--

CREATE TABLE `taikhoan` (
  `User` varchar(10) COLLATE utf8mb4_vietnamese_ci NOT NULL,
  `Password` varchar(20) COLLATE utf8mb4_vietnamese_ci NOT NULL,
  `PhanQuyen` int(11) NOT NULL,
  `TenND` varchar(20) COLLATE utf8mb4_vietnamese_ci NOT NULL,
  `SDT` varchar(10) COLLATE utf8mb4_vietnamese_ci NOT NULL,
  `CMND` varchar(20) COLLATE utf8mb4_vietnamese_ci NOT NULL
) ENGINE=InnoDB DEFAULT CHARSET=utf8mb4 COLLATE=utf8mb4_vietnamese_ci;

--
-- Dumping data for table `taikhoan`
--

INSERT INTO `taikhoan` (`User`, `Password`, `PhanQuyen`, `TenND`, `SDT`, `CMND`) VALUES
('admin', 'admin', 1, 'Admin', '0999999999', '111222333444'),
('truongvu', '123', 1, 'Nguyễn Trường Vũ', '0909090909', '123456789999'),
('huuduy', '123', 1, 'Nguyễn Hữu Duy', '0808080808', '987654321111'),
('thuthu1', '123', 2, 'Thủ thư 1', '0911111111', '123456789011'),
('thuthu2', '123', 2, 'Thủ thư 2', '0922222222', '123456789022');

--
-- Indexes for dumped tables
--

--
-- Indexes for table `ctpm`
--
ALTER TABLE `ctpm`
  ADD PRIMARY KEY (`MaPM`,`MaSach`),
  ADD KEY `User` (`User`),
  ADD KEY `MaSach` (`MaSach`);

--
-- Indexes for table `docgia`
--
ALTER TABLE `docgia`
  ADD PRIMARY KEY (`MaDG`);

--
-- Indexes for table `phieumuon`
--
ALTER TABLE `phieumuon`
  ADD PRIMARY KEY (`MaPM`),
  ADD KEY `fk_phieumuon_MaDG` (`MaDG`),
  ADD KEY `fk_phieumuon_User` (`User`);

--
-- Indexes for table `sach`
--
ALTER TABLE `sach`
  ADD PRIMARY KEY (`MaSach`);

--
-- Indexes for table `taikhoan`
--
ALTER TABLE `taikhoan`
  ADD PRIMARY KEY (`User`);

--
-- Constraints for dumped tables
--

--
-- Constraints for table `ctpm`
--
ALTER TABLE `ctpm`
  ADD CONSTRAINT `ctpm_ibfk_1` FOREIGN KEY (`User`) REFERENCES `taikhoan` (`User`),
  ADD CONSTRAINT `ctpm_ibfk_2` FOREIGN KEY (`MaPM`) REFERENCES `phieumuon` (`MaPM`),
  ADD CONSTRAINT `ctpm_ibfk_3` FOREIGN KEY (`MaSach`) REFERENCES `sach` (`MaSach`),
  ADD CONSTRAINT `ctpm_ibfk_4` FOREIGN KEY (`MaPM`) REFERENCES `phieumuon` (`MaPM`);

--
-- Constraints for table `phieumuon`
--
ALTER TABLE `phieumuon`
  ADD CONSTRAINT `fk_phieumuon_MaDG` FOREIGN KEY (`MaDG`) REFERENCES `docgia` (`MaDG`),
  ADD CONSTRAINT `fk_phieumuon_User` FOREIGN KEY (`User`) REFERENCES `taikhoan` (`User`);
COMMIT;

/*!40101 SET CHARACTER_SET_CLIENT=@OLD_CHARACTER_SET_CLIENT */;
/*!40101 SET CHARACTER_SET_RESULTS=@OLD_CHARACTER_SET_RESULTS */;
/*!40101 SET COLLATION_CONNECTION=@OLD_COLLATION_CONNECTION */;
